<?xml version="1.0" encoding="UTF-8"?>
<beans xmlns="http://www.springframework.org/schema/beans"
	xmlns:xsi="http://www.w3.org/2001/XMLSchema-instance" xmlns:p="http://www.springframework.org/schema/p"
	xmlns:context="http://www.springframework.org/schema/context" xmlns:tx="http://www.springframework.org/schema/tx"
	xmlns:mvc="http://www.springframework.org/schema/mvc" xmlns:util="http://www.springframework.org/schema/util"
	xsi:schemaLocation="http://www.springframework.org/schema/mvc
		http://www.springframework.org/schema/mvc/spring-mvc.xsd
		http://www.springframework.org/schema/tx http://www.springframework.org/schema/tx/spring-tx.xsd
		http://www.springframework.org/schema/beans
		http://www.springframework.org/schema/beans/spring-beans.xsd
		http://www.springframework.org/schema/context
		http://www.springframework.org/schema/context/spring-context.xsd
		http://www.springframework.org/schema/util http://www.springframework.org/schema/util/spring-util-3.0.xsd">

	<context:component-scan base-package="com.pminformatica.website" />

	<bean id="jsonMessageConverter"
		class="org.springframework.http.converter.json.MappingJackson2HttpMessageConverter">
		<property name="objectMapper">
			<bean
				class="org.springframework.http.converter.json.Jackson2ObjectMapperFactoryBean">
				<property name="simpleDateFormat" value="yyyy-MM-dd'T'HH:mm:ss.SSS'Z'" />
				<property name="featuresToDisable"
					value="#{T(com.fasterxml.jackson.databind.DeserializationFeature).FAIL_ON_UNKNOWN_PROPERTIES}" />
			</bean>
		</property>
	</bean>


	<mvc:annotation-driven>
		<mvc:message-converters register-defaults="true">
			<ref bean="jsonMessageConverter" />
		</mvc:message-converters>
	</mvc:annotation-driven>

	<mvc:resources mapping="/resources/**" location="/resources/" />
	<mvc:resources mapping="/webjars/**"
		location="classpath:/META-INF/resources/webjars/" />

	<mvc:view-controller path="/" view-name="Home" />


	<bean
		class="org.springframework.web.servlet.view.ContentNegotiatingViewResolver">

		<property name="viewResolvers">
			<list>
				<bean
					class="org.springframework.web.servlet.view.InternalResourceViewResolver">
					<property name="prefix" value="/pages/" />
					<property name="suffix" value=".jsp" />
				</bean>
			</list>
		</property>
	</bean>

</beans>
